id, answer_id, url
1,5,"https://images.unsplash.com/photo-1530519729491-aea5b51d1ee1?ixlib=rb-1.2.1&ixid=eyJhcHBfaWQiOjEyMDd9&auto=format&fit=crop&w=1651&q=80"
2,5,"https://images.unsplash.com/photo-1511127088257-53ccfcc769fa?ixlib=rb-1.2.1&ixid=eyJhcHBfaWQiOjEyMDd9&auto=format&fit=crop&w=1650&q=80"
3,5,"https://images.unsplash.com/photo-1500603720222-eb7a1f997356?ixlib=rb-1.2.1&ixid=eyJhcHBfaWQiOjEyMDd9&auto=format&fit=crop&w=1653&q=80"
4,9,"https://images.unsplash.com/photo-1463143217634-f1089c4b3cc4?ixlib=rb-1.2.1&ixid=eyJhcHBfaWQiOjEyMDd9&auto=format&fit=crop&w=1650&q=80"
5,9,"https://images.unsplash.com/photo-1421780791481-c5fb9d369db7?ixlib=rb-1.2.1&ixid=eyJhcHBfaWQiOjEyMDd9&auto=format&fit=crop&w=1650&q=80"
6,9,"https://images.unsplash.com/photo-1420824471541-fe7e0ae0baa4?ixlib=rb-1.2.1&ixid=eyJhcHBfaWQiOjEyMDd9&auto=format&fit=crop&w=1567&q=80"
8,10,"https://images.unsplash.com/photo-1469504512102-900f29606341?ixlib=rb-1.2.1&ixid=eyJhcHBfaWQiOjEyMDd9&auto=format&fit=crop&w=668&q=80"
7,10,"https://images.unsplash.com/photo-1510551310160-589462daf284?ixlib=rb-1.2.1&ixid=eyJhcHBfaWQiOjEyMDd9&auto=format&fit=crop&w=1649&q=80"
9,13,"https://images.unsplash.com/photo-1526880792616-4217886b9dc2?ixlib=rb-1.2.1&ixid=eyJhcHBfaWQiOjEyMDd9&auto=format&fit=crop&w=975&q=80"
10,13,"https://images.unsplash.com/photo-1496417263034-38ec4f0b665a?ixlib=rb-1.2.1&ixid=eyJhcHBfaWQiOjEyMDd9&auto=format&fit=crop&w=1651&q=80"
11,26,"https://images.unsplash.com/photo-1477823986828-5aff156284aa?ixlib=rb-1.2.1&ixid=eyJhcHBfaWQiOjEyMDd9&auto=format&fit=crop&w=2089&q=80"
12,29,"https://images.unsplash.com/photo-1528318269466-69d920af5dad?ixlib=rb-1.2.1&ixid=eyJhcHBfaWQiOjEyMDd9&auto=format&fit=crop&w=1650&q=80"
13,30,"https://images.unsplash.com/photo-1528318269466-69d920af5dad?ixlib=rb-1.2.1&ixid=eyJhcHBfaWQiOjEyMDd9&auto=format&fit=crop&w=1650&q=80"
14,65,"https://images.unsplash.com/photo-1470116892389-0de5d9770b2c?ixlib=rb-1.2.1&ixid=eyJhcHBfaWQiOjEyMDd9&auto=format&fit=crop&w=1567&q=80"
15,65,"https://images.unsplash.com/photo-1536922645426-5d658ab49b81?ixlib=rb-1.2.1&ixid=eyJhcHBfaWQiOjEyMDd9&auto=format&fit=crop&w=1650&q=80"
16,78,"https://images.unsplash.com/photo-1543852786-1cf6624b9987?ixlib=rb-1.2.1&ixid=eyJhcHBfaWQiOjEyMDd9&auto=format&fit=crop&w=668&q=80"
17,81,"https://images.unsplash.com/photo-1548430395-ec39eaf2aa1a?ixlib=rb-1.2.1&ixid=eyJhcHBfaWQiOjEyMDd9&auto=format&fit=crop&w=1974&q=80"
18,114,"https://images.unsplash.com/photo-1426647451887-5f2be01918a9?ixlib=rb-1.2.1&auto=format&fit=crop&w=1650&q=80"
19,116,"https://images.unsplash.com/photo-1517278322228-3fe7a86cf6f0?ixlib=rb-1.2.1&auto=format&fit=crop&w=1567&q=80"
20,118,"https://images.unsplash.com/photo-1483056293146-9eac9521932f?ixlib=rb-1.2.1&ixid=eyJhcHBfaWQiOjEyMDd9&auto=format&fit=crop&w=2850answers_photos.csv"